order_id,order_date,customer_id,order_status,delivery_date,region
ORD_00001,2023-02-22,CUST_0362,Delivered,2023-02-25,South
ORD_00002,2023-04-01,CUST_0307,Delivered,2023-04-05,South
ORD_00003,2023-02-21,CUST_0116,Delivered,2023-02-27,North
ORD_00004,2023-06-13,CUST_0213,Delivered,2023-06-18,East
ORD_00005,2023-06-18,CUST_0470,Delivered,2023-06-21,North
ORD_00006,2023-05-18,CUST_0198,Delivered,2023-05-23,East
ORD_00007,2023-02-12,CUST_0431,Delivered,2023-02-18,North
ORD_00008,2023-03-17,CUST_0276,Delivered,2023-03-23,West
ORD_00009,2023-05-17,CUST_0131,Shipped,,South
ORD_00010,2023-03-29,CUST_0113,Delivered,2023-04-02,North
ORD_00011,2023-02-17,CUST_0460,Shipped,,East
ORD_00012,2023-04-17,CUST_0177,Delivered,2023-04-22,North
ORD_00013,2023-02-22,CUST_0403,Delivered,2023-02-28,East
ORD_00014,2023-05-26,CUST_0431,Delivered,2023-05-30,North
ORD_00015,2023-02-28,CUST_0060,Delivered,2023-03-03,North
ORD_00016,2023-04-20,CUST_0381,Cancelled,,East
ORD_00017,2023-05-09,CUST_0071,Cancelled,,West
ORD_00018,2023-06-02,CUST_0201,Cancelled,,East
ORD_00019,2023-06-19,CUST_0102,Shipped,,East
ORD_00020,2023-04-28,CUST_0067,Shipped,,South
ORD_00021,2023-05-24,CUST_0320,Delivered,2023-05-30,South
ORD_00022,2023-03-30,CUST_0464,Delivered,2023-04-04,North
ORD_00023,2023-04-29,CUST_0498,Delivered,2023-05-03,East
ORD_00024,2023-03-04,CUST_0045,Delivered,2023-03-11,South
ORD_00025,2023-05-16,CUST_0379,Delivered,2023-05-19,South
ORD_00026,2023-07-29,CUST_0113,Shipped,,North
ORD_00027,2023-02-16,CUST_0039,Delivered,2023-02-19,East
ORD_00028,2023-02-22,CUST_0140,Delivered,2023-03-01,East
ORD_00029,2023-05-19,CUST_0192,Shipped,,West
ORD_00030,2023-05-11,CUST_0195,Delivered,2023-05-13,West
ORD_00031,2023-03-08,CUST_0090,Shipped,,East
ORD_00032,2023-02-09,CUST_0090,Shipped,,East
ORD_00033,2023-03-10,CUST_0095,Delivered,2023-03-16,South
ORD_00034,2023-07-03,CUST_0326,Cancelled,,North
ORD_00035,2023-03-07,CUST_0480,Delivered,2023-03-12,North
ORD_00036,2023-03-17,CUST_0408,Delivered,2023-03-19,West
ORD_00037,2023-07-30,CUST_0102,Delivered,2023-08-05,East
ORD_00038,2023-03-02,CUST_0337,Delivered,2023-03-06,East
ORD_00039,2023-05-15,CUST_0481,Delivered,2023-05-18,North
ORD_00040,2023-04-06,CUST_0094,Delivered,2023-04-08,West
ORD_00041,2023-07-23,CUST_0027,Delivered,2023-07-30,East
ORD_00042,2023-06-11,CUST_0117,Delivered,2023-06-17,South
ORD_00043,2023-06-15,CUST_0209,Shipped,,West
ORD_00044,2023-05-09,CUST_0125,Delivered,2023-05-12,North
ORD_00045,2023-03-01,CUST_0210,Delivered,2023-03-06,South
ORD_00046,2023-07-06,CUST_0088,Delivered,2023-07-11,South
ORD_00047,2023-04-23,CUST_0071,Delivered,2023-04-30,West
ORD_00048,2023-05-03,CUST_0495,Shipped,,South
ORD_00049,2023-06-17,CUST_0094,Delivered,2023-06-19,West
ORD_00050,2023-06-01,CUST_0012,Delivered,2023-06-05,West
ORD_00051,2023-06-25,CUST_0068,Delivered,2023-06-27,East
ORD_00052,2023-05-02,CUST_0099,Delivered,2023-05-05,North
ORD_00053,2023-05-04,CUST_0162,Shipped,,South
ORD_00054,2023-04-12,CUST_0174,Delivered,2023-04-19,South
ORD_00055,2023-02-08,CUST_0113,Shipped,,North
ORD_00056,2023-03-29,CUST_0156,Shipped,,East
ORD_00057,2023-03-19,CUST_0364,Delivered,2023-03-22,South
ORD_00058,2023-05-08,CUST_0234,Delivered,2023-05-13,West
ORD_00059,2023-03-21,CUST_0071,Delivered,2023-03-24,West
ORD_00060,2023-07-06,CUST_0462,Cancelled,,West
ORD_00061,2023-05-23,CUST_0451,Delivered,2023-05-27,East
ORD_00062,2023-07-03,CUST_0302,Shipped,,East
ORD_00063,2023-02-01,CUST_0320,Delivered,2023-02-03,South
ORD_00064,2023-07-11,CUST_0222,Delivered,2023-07-16,West
ORD_00065,2023-02-09,CUST_0120,Delivered,2023-02-12,East
ORD_00066,2023-05-08,CUST_0151,Delivered,2023-05-10,North
ORD_00067,2023-02-28,CUST_0228,Delivered,2023-03-07,North
ORD_00068,2023-04-26,CUST_0471,Delivered,2023-04-28,East
ORD_00069,2023-04-08,CUST_0400,Delivered,2023-04-10,North
ORD_00070,2023-07-18,CUST_0030,Shipped,,East
ORD_00071,2023-05-27,CUST_0099,Delivered,2023-05-30,North
ORD_00072,2023-04-09,CUST_0162,Delivered,2023-04-16,South
ORD_00073,2023-02-21,CUST_0429,Shipped,,North
ORD_00074,2023-03-22,CUST_0003,Delivered,2023-03-25,West
ORD_00075,2023-05-13,CUST_0184,Cancelled,,South
ORD_00076,2023-03-03,CUST_0389,Cancelled,,East
ORD_00077,2023-06-22,CUST_0176,Delivered,2023-06-27,East
ORD_00078,2023-07-06,CUST_0229,Delivered,2023-07-10,West
ORD_00079,2023-05-21,CUST_0082,Delivered,2023-05-27,East
ORD_00080,2023-04-12,CUST_0331,Delivered,2023-04-17,South
ORD_00081,2023-07-08,CUST_0245,Delivered,2023-07-11,South
ORD_00082,2023-05-11,CUST_0096,Shipped,,East
ORD_00083,2023-04-29,CUST_0035,Cancelled,,South
ORD_00084,2023-04-18,CUST_0045,Shipped,,South
ORD_00085,2023-02-14,CUST_0035,Delivered,2023-02-19,South
ORD_00086,2023-05-01,CUST_0290,Shipped,,West
ORD_00087,2023-07-13,CUST_0195,Shipped,,West
ORD_00088,2023-05-01,CUST_0406,Shipped,,North
ORD_00089,2023-06-04,CUST_0131,Delivered,2023-06-10,South
ORD_00090,2023-05-20,CUST_0049,Delivered,2023-05-27,North
ORD_00091,2023-02-22,CUST_0135,Shipped,,East
ORD_00092,2023-05-08,CUST_0472,Delivered,2023-05-15,West
ORD_00093,2023-05-15,CUST_0454,Delivered,2023-05-18,West
ORD_00094,2023-03-10,CUST_0068,Delivered,2023-03-17,East
ORD_00095,2023-05-30,CUST_0052,Delivered,2023-06-04,East
ORD_00096,2023-04-25,CUST_0147,Delivered,2023-04-28,North
ORD_00097,2023-04-19,CUST_0243,Delivered,2023-04-26,East
ORD_00098,2023-03-17,CUST_0001,Delivered,2023-03-21,East
ORD_00099,2023-03-17,CUST_0254,Cancelled,,East
ORD_00100,2023-03-21,CUST_0064,Shipped,,West
ORD_00101,2023-03-24,CUST_0308,Delivered,2023-03-30,South
ORD_00102,2023-03-25,CUST_0350,Delivered,2023-03-31,East
ORD_00103,2023-02-17,CUST_0388,Delivered,2023-02-22,East
ORD_00104,2023-03-10,CUST_0022,Delivered,2023-03-15,West
ORD_00105,2023-05-06,CUST_0355,Shipped,,South
ORD_00106,2023-05-20,CUST_0228,Delivered,2023-05-24,North
ORD_00107,2023-05-03,CUST_0375,Delivered,2023-05-10,South
ORD_00108,2023-04-04,CUST_0358,Cancelled,,South
ORD_00109,2023-07-21,CUST_0457,Shipped,,South
ORD_00110,2023-05-18,CUST_0217,Delivered,2023-05-20,East
ORD_00111,2023-05-22,CUST_0388,Delivered,2023-05-28,East
ORD_00112,2023-03-11,CUST_0369,Shipped,,West
ORD_00113,2023-04-14,CUST_0487,Cancelled,,East
ORD_00114,2023-03-14,CUST_0084,Shipped,,North
ORD_00115,2023-04-14,CUST_0044,Cancelled,,East
ORD_00116,2023-03-21,CUST_0447,Cancelled,,West
ORD_00117,2023-04-21,CUST_0158,Delivered,2023-04-25,South
ORD_00118,2023-06-30,CUST_0333,Delivered,2023-07-04,East
ORD_00119,2023-07-16,CUST_0225,Delivered,2023-07-19,East
ORD_00120,2023-05-17,CUST_0102,Shipped,,East
ORD_00121,2023-04-24,CUST_0293,Delivered,2023-04-26,East
ORD_00122,2023-02-18,CUST_0094,Delivered,2023-02-22,West
ORD_00123,2023-06-11,CUST_0416,Delivered,2023-06-15,West
ORD_00124,2023-07-20,CUST_0346,Delivered,2023-07-24,North
ORD_00125,2023-07-04,CUST_0295,Shipped,,East
ORD_00126,2023-04-22,CUST_0226,Shipped,,East
ORD_00127,2023-02-04,CUST_0463,Shipped,,West
ORD_00128,2023-03-29,CUST_0277,Delivered,2023-04-05,South
ORD_00129,2023-06-18,CUST_0249,Delivered,2023-06-21,West
ORD_00130,2023-02-17,CUST_0158,Shipped,,South
ORD_00131,2023-03-22,CUST_0266,Shipped,,East
ORD_00132,2023-05-24,CUST_0123,Shipped,,South
ORD_00133,2023-03-06,CUST_0334,Delivered,2023-03-12,East
ORD_00134,2023-05-30,CUST_0082,Delivered,2023-06-03,East
ORD_00135,2023-05-21,CUST_0031,Delivered,2023-05-23,South
ORD_00136,2023-06-22,CUST_0454,Delivered,2023-06-26,West
ORD_00137,2023-07-20,CUST_0217,Cancelled,,East
ORD_00138,2023-05-31,CUST_0199,Delivered,2023-06-05,West
ORD_00139,2023-05-12,CUST_0058,Cancelled,,South
ORD_00140,2023-07-11,CUST_0142,Delivered,2023-07-15,South
ORD_00141,2023-03-29,CUST_0297,Delivered,2023-04-02,East
ORD_00142,2023-04-27,CUST_0206,Delivered,2023-05-02,East
ORD_00143,2023-05-03,CUST_0308,Cancelled,,South
ORD_00144,2023-07-27,CUST_0339,Delivered,2023-08-01,West
ORD_00145,2023-07-12,CUST_0321,Shipped,,West
ORD_00146,2023-07-01,CUST_0008,Delivered,2023-07-03,North
ORD_00147,2023-03-01,CUST_0010,Delivered,2023-03-04,North
ORD_00148,2023-06-19,CUST_0016,Cancelled,,East
ORD_00149,2023-04-08,CUST_0216,Delivered,2023-04-15,South
ORD_00150,2023-05-23,CUST_0013,Delivered,2023-05-29,East
ORD_00151,2023-07-27,CUST_0227,Delivered,2023-08-01,North
ORD_00152,2023-06-10,CUST_0500,Shipped,,South
ORD_00153,2023-02-22,CUST_0381,Shipped,,East
ORD_00154,2023-03-14,CUST_0281,Delivered,2023-03-19,West
ORD_00155,2023-04-01,CUST_0127,Delivered,2023-04-05,West
ORD_00156,2023-03-23,CUST_0337,Delivered,2023-03-30,East
ORD_00157,2023-07-31,CUST_0185,Delivered,2023-08-07,West
ORD_00158,2023-06-10,CUST_0041,Delivered,2023-06-17,South
ORD_00159,2023-04-04,CUST_0334,Delivered,2023-04-11,East
ORD_00160,2023-06-04,CUST_0294,Cancelled,,North
ORD_00161,2023-02-25,CUST_0054,Delivered,2023-02-27,East
ORD_00162,2023-05-09,CUST_0093,Delivered,2023-05-12,South
ORD_00163,2023-04-22,CUST_0020,Shipped,,South
ORD_00164,2023-07-20,CUST_0252,Cancelled,,South
ORD_00165,2023-04-23,CUST_0429,Shipped,,North
ORD_00166,2023-05-11,CUST_0488,Shipped,,South
ORD_00167,2023-03-04,CUST_0354,Shipped,,East
ORD_00168,2023-06-07,CUST_0306,Shipped,,North
ORD_00169,2023-06-15,CUST_0186,Delivered,2023-06-22,North
ORD_00170,2023-03-15,CUST_0373,Delivered,2023-03-22,East
ORD_00171,2023-07-22,CUST_0032,Shipped,,North
ORD_00172,2023-02-02,CUST_0165,Delivered,2023-02-08,West
ORD_00173,2023-06-06,CUST_0070,Delivered,2023-06-08,South
ORD_00174,2023-03-15,CUST_0211,Delivered,2023-03-18,North
ORD_00175,2023-06-08,CUST_0104,Delivered,2023-06-12,North
ORD_00176,2023-05-22,CUST_0179,Delivered,2023-05-27,East
ORD_00177,2023-02-25,CUST_0428,Cancelled,,North
ORD_00178,2023-04-25,CUST_0427,Delivered,2023-04-30,West
ORD_00179,2023-07-11,CUST_0152,Shipped,,South
ORD_00180,2023-05-24,CUST_0218,Shipped,,North
ORD_00181,2023-05-07,CUST_0126,Delivered,2023-05-14,North
ORD_00182,2023-02-15,CUST_0246,Delivered,2023-02-20,East
ORD_00183,2023-06-06,CUST_0308,Shipped,,South
ORD_00184,2023-03-28,CUST_0057,Delivered,2023-03-30,West
ORD_00185,2023-06-03,CUST_0102,Shipped,,East
ORD_00186,2023-07-02,CUST_0023,Delivered,2023-07-06,East
ORD_00187,2023-06-12,CUST_0438,Delivered,2023-06-17,West
ORD_00188,2023-04-19,CUST_0355,Delivered,2023-04-23,South
ORD_00189,2023-04-06,CUST_0229,Cancelled,,West
ORD_00190,2023-07-19,CUST_0249,Delivered,2023-07-22,West
ORD_00191,2023-04-28,CUST_0469,Delivered,2023-04-30,South
ORD_00192,2023-03-09,CUST_0350,Shipped,,East
ORD_00193,2023-06-10,CUST_0301,Shipped,,South
ORD_00194,2023-02-27,CUST_0337,Delivered,2023-03-01,East
ORD_00195,2023-06-16,CUST_0071,Delivered,2023-06-21,West
ORD_00196,2023-06-14,CUST_0319,Delivered,2023-06-19,West
ORD_00197,2023-02-28,CUST_0322,Shipped,,South
ORD_00198,2023-07-07,CUST_0239,Cancelled,,North
ORD_00199,2023-04-02,CUST_0081,Delivered,2023-04-08,East
ORD_00200,2023-05-04,CUST_0260,Shipped,,West
ORD_00201,2023-06-17,CUST_0006,Shipped,,West
ORD_00202,2023-04-09,CUST_0251,Delivered,2023-04-14,South
ORD_00203,2023-03-28,CUST_0031,Shipped,,South
ORD_00204,2023-07-21,CUST_0019,Delivered,2023-07-27,South
ORD_00205,2023-06-23,CUST_0060,Delivered,2023-06-27,North
ORD_00206,2023-04-03,CUST_0241,Delivered,2023-04-08,South
ORD_00207,2023-06-22,CUST_0483,Delivered,2023-06-24,West
ORD_00208,2023-04-04,CUST_0435,Delivered,2023-04-07,East
ORD_00209,2023-04-15,CUST_0016,Delivered,2023-04-22,East
ORD_00210,2023-04-11,CUST_0487,Shipped,,East
ORD_00211,2023-02-06,CUST_0063,Delivered,2023-02-09,West
ORD_00212,2023-05-04,CUST_0272,Delivered,2023-05-06,North
ORD_00213,2023-07-18,CUST_0237,Delivered,2023-07-21,East
ORD_00214,2023-05-12,CUST_0196,Delivered,2023-05-17,West
ORD_00215,2023-02-15,CUST_0304,Delivered,2023-02-21,West
ORD_00216,2023-06-14,CUST_0467,Delivered,2023-06-20,North
ORD_00217,2023-04-07,CUST_0497,Delivered,2023-04-14,North
ORD_00218,2023-05-12,CUST_0357,Delivered,2023-05-18,East
ORD_00219,2023-02-04,CUST_0183,Delivered,2023-02-11,South
ORD_00220,2023-07-31,CUST_0463,Delivered,2023-08-04,West
ORD_00221,2023-06-12,CUST_0433,Delivered,2023-06-17,West
ORD_00222,2023-05-20,CUST_0363,Cancelled,,East
ORD_00223,2023-06-08,CUST_0151,Delivered,2023-06-14,North
ORD_00224,2023-04-18,CUST_0244,Cancelled,,North
ORD_00225,2023-03-23,CUST_0137,Shipped,,West
ORD_00226,2023-02-03,CUST_0274,Delivered,2023-02-10,West
ORD_00227,2023-04-03,CUST_0360,Delivered,2023-04-07,East
ORD_00228,2023-06-16,CUST_0151,Delivered,2023-06-20,North
ORD_00229,2023-04-13,CUST_0128,Delivered,2023-04-18,South
ORD_00230,2023-07-26,CUST_0003,Delivered,2023-07-30,West
ORD_00231,2023-02-20,CUST_0290,Shipped,,West
ORD_00232,2023-04-26,CUST_0107,Delivered,2023-05-02,South
ORD_00233,2023-04-05,CUST_0082,Delivered,2023-04-07,East
ORD_00234,2023-07-04,CUST_0211,Shipped,,North
ORD_00235,2023-04-16,CUST_0162,Shipped,,South
ORD_00236,2023-07-11,CUST_0184,Delivered,2023-07-13,South
ORD_00237,2023-03-03,CUST_0211,Delivered,2023-03-09,North
ORD_00238,2023-02-02,CUST_0018,Delivered,2023-02-04,East
ORD_00239,2023-06-13,CUST_0158,Delivered,2023-06-16,South
ORD_00240,2023-07-18,CUST_0435,Delivered,2023-07-21,East
ORD_00241,2023-02-22,CUST_0119,Shipped,,East
ORD_00242,2023-05-17,CUST_0170,Delivered,2023-05-24,West
ORD_00243,2023-07-29,CUST_0076,Cancelled,,South
ORD_00244,2023-04-23,CUST_0153,Shipped,,West
ORD_00245,2023-03-23,CUST_0463,Shipped,,West
ORD_00246,2023-02-24,CUST_0162,Delivered,2023-03-03,South
ORD_00247,2023-06-16,CUST_0222,Delivered,2023-06-20,West
ORD_00248,2023-04-12,CUST_0106,Delivered,2023-04-18,North
ORD_00249,2023-07-04,CUST_0123,Delivered,2023-07-08,South
ORD_00250,2023-03-05,CUST_0100,Delivered,2023-03-10,West
ORD_00251,2023-06-12,CUST_0371,Delivered,2023-06-18,East
ORD_00252,2023-06-03,CUST_0003,Shipped,,West
ORD_00253,2023-06-08,CUST_0089,Shipped,,North
ORD_00254,2023-02-14,CUST_0147,Shipped,,North
ORD_00255,2023-02-03,CUST_0385,Delivered,2023-02-06,North
ORD_00256,2023-04-09,CUST_0177,Delivered,2023-04-11,North
ORD_00257,2023-06-27,CUST_0073,Delivered,2023-06-29,West
ORD_00258,2023-06-06,CUST_0159,Delivered,2023-06-08,West
ORD_00259,2023-03-14,CUST_0368,Shipped,,East
ORD_00260,2023-04-04,CUST_0305,Delivered,2023-04-07,North
ORD_00261,2023-05-20,CUST_0164,Delivered,2023-05-23,West
ORD_00262,2023-04-22,CUST_0347,Delivered,2023-04-27,South
ORD_00263,2023-06-28,CUST_0124,Delivered,2023-07-03,East
ORD_00264,2023-04-10,CUST_0200,Delivered,2023-04-15,West
ORD_00265,2023-03-13,CUST_0465,Delivered,2023-03-15,East
ORD_00266,2023-06-16,CUST_0091,Cancelled,,North
ORD_00267,2023-04-28,CUST_0281,Delivered,2023-05-01,West
ORD_00268,2023-07-24,CUST_0093,Delivered,2023-07-27,South
ORD_00269,2023-06-29,CUST_0303,Shipped,,North
ORD_00270,2023-06-17,CUST_0018,Cancelled,,East
ORD_00271,2023-02-23,CUST_0130,Delivered,2023-02-26,North
ORD_00272,2023-02-17,CUST_0049,Delivered,2023-02-22,North
ORD_00273,2023-04-10,CUST_0126,Delivered,2023-04-15,North
ORD_00274,2023-06-01,CUST_0365,Cancelled,,North
ORD_00275,2023-06-25,CUST_0035,Delivered,2023-06-30,South
ORD_00276,2023-02-21,CUST_0325,Cancelled,,East
ORD_00277,2023-05-21,CUST_0198,Delivered,2023-05-24,East
ORD_00278,2023-07-30,CUST_0416,Delivered,2023-08-01,West
ORD_00279,2023-07-30,CUST_0325,Delivered,2023-08-05,East
ORD_00280,2023-05-12,CUST_0167,Delivered,2023-05-16,South
ORD_00281,2023-03-25,CUST_0001,Delivered,2023-03-30,East
ORD_00282,2023-05-02,CUST_0085,Delivered,2023-05-07,East
ORD_00283,2023-02-09,CUST_0239,Delivered,2023-02-15,North
ORD_00284,2023-06-27,CUST_0166,Delivered,2023-06-30,West
ORD_00285,2023-06-18,CUST_0242,Delivered,2023-06-20,East
ORD_00286,2023-06-06,CUST_0401,Delivered,2023-06-08,North
ORD_00287,2023-04-05,CUST_0016,Shipped,,East
ORD_00288,2023-03-31,CUST_0363,Delivered,2023-04-03,East
ORD_00289,2023-03-20,CUST_0317,Cancelled,,South
ORD_00290,2023-06-03,CUST_0245,Cancelled,,South
ORD_00291,2023-03-09,CUST_0154,Shipped,,West
ORD_00292,2023-02-13,CUST_0156,Cancelled,,East
ORD_00293,2023-05-07,CUST_0429,Delivered,2023-05-14,North
ORD_00294,2023-07-12,CUST_0482,Shipped,,North
ORD_00295,2023-06-08,CUST_0257,Cancelled,,South
ORD_00296,2023-02-01,CUST_0311,Delivered,2023-02-04,South
ORD_00297,2023-03-14,CUST_0480,Delivered,2023-03-19,North
ORD_00298,2023-06-25,CUST_0049,Delivered,2023-07-02,North
ORD_00299,2023-04-16,CUST_0192,Cancelled,,West
ORD_00300,2023-04-08,CUST_0193,Delivered,2023-04-14,North
ORD_00301,2023-05-22,CUST_0157,Cancelled,,North
ORD_00302,2023-03-24,CUST_0197,Shipped,,East
ORD_00303,2023-02-10,CUST_0103,Delivered,2023-02-17,North
ORD_00304,2023-06-15,CUST_0115,Shipped,,East
ORD_00305,2023-05-14,CUST_0363,Delivered,2023-05-21,East
ORD_00306,2023-02-24,CUST_0464,Delivered,2023-03-03,North
ORD_00307,2023-03-17,CUST_0056,Delivered,2023-03-23,East
ORD_00308,2023-05-25,CUST_0423,Cancelled,,West
ORD_00309,2023-04-01,CUST_0180,Delivered,2023-04-08,North
ORD_00310,2023-05-24,CUST_0306,Delivered,2023-05-30,North
ORD_00311,2023-07-27,CUST_0312,Shipped,,North
ORD_00312,2023-04-11,CUST_0092,Cancelled,,North
ORD_00313,2023-02-24,CUST_0372,Cancelled,,West
ORD_00314,2023-07-25,CUST_0268,Shipped,,East
ORD_00315,2023-06-25,CUST_0046,Cancelled,,West
ORD_00316,2023-02-13,CUST_0162,Delivered,2023-02-18,South
ORD_00317,2023-07-12,CUST_0500,Delivered,2023-07-15,South
ORD_00318,2023-04-03,CUST_0358,Shipped,,South
ORD_00319,2023-02-09,CUST_0078,Delivered,2023-02-15,North
ORD_00320,2023-04-05,CUST_0298,Delivered,2023-04-08,North
ORD_00321,2023-06-18,CUST_0277,Delivered,2023-06-21,South
ORD_00322,2023-05-03,CUST_0149,Cancelled,,West
ORD_00323,2023-02-27,CUST_0181,Delivered,2023-03-05,South
ORD_00324,2023-07-04,CUST_0141,Delivered,2023-07-07,East
ORD_00325,2023-05-06,CUST_0434,Shipped,,South
ORD_00326,2023-03-01,CUST_0443,Delivered,2023-03-08,East
ORD_00327,2023-06-03,CUST_0193,Delivered,2023-06-06,North
ORD_00328,2023-06-16,CUST_0321,Delivered,2023-06-22,West
ORD_00329,2023-06-05,CUST_0443,Delivered,2023-06-10,East
ORD_00330,2023-03-22,CUST_0024,Cancelled,,East
ORD_00331,2023-06-01,CUST_0073,Delivered,2023-06-07,West
ORD_00332,2023-05-29,CUST_0274,Cancelled,,West
ORD_00333,2023-02-24,CUST_0069,Delivered,2023-03-01,South
ORD_00334,2023-07-12,CUST_0005,Delivered,2023-07-15,West
ORD_00335,2023-06-14,CUST_0348,Cancelled,,North
ORD_00336,2023-06-02,CUST_0383,Shipped,,South
ORD_00337,2023-04-18,CUST_0244,Delivered,2023-04-23,North
ORD_00338,2023-06-24,CUST_0320,Cancelled,,South
ORD_00339,2023-07-06,CUST_0276,Delivered,2023-07-10,West
ORD_00340,2023-02-19,CUST_0102,Delivered,2023-02-21,East
ORD_00341,2023-05-11,CUST_0490,Delivered,2023-05-16,West
ORD_00342,2023-03-19,CUST_0184,Delivered,2023-03-22,South
ORD_00343,2023-07-30,CUST_0434,Delivered,2023-08-03,South
ORD_00344,2023-02-21,CUST_0413,Shipped,,North
ORD_00345,2023-04-06,CUST_0092,Cancelled,,North
ORD_00346,2023-05-15,CUST_0075,Delivered,2023-05-20,North
ORD_00347,2023-03-21,CUST_0029,Delivered,2023-03-25,North
ORD_00348,2023-07-11,CUST_0130,Delivered,2023-07-13,North
ORD_00349,2023-07-08,CUST_0098,Delivered,2023-07-14,North
ORD_00350,2023-06-30,CUST_0303,Delivered,2023-07-05,North
ORD_00351,2023-02-04,CUST_0362,Delivered,2023-02-06,South
ORD_00352,2023-03-10,CUST_0031,Shipped,,South
ORD_00353,2023-04-15,CUST_0095,Delivered,2023-04-20,South
ORD_00354,2023-06-12,CUST_0099,Shipped,,North
ORD_00355,2023-07-30,CUST_0310,Delivered,2023-08-05,South
ORD_00356,2023-07-14,CUST_0103,Delivered,2023-07-21,North
ORD_00357,2023-05-15,CUST_0389,Delivered,2023-05-18,East
ORD_00358,2023-04-17,CUST_0091,Delivered,2023-04-20,North
ORD_00359,2023-07-22,CUST_0216,Delivered,2023-07-26,South
ORD_00360,2023-02-19,CUST_0242,Delivered,2023-02-24,East
ORD_00361,2023-02-06,CUST_0330,Cancelled,,South
ORD_00362,2023-04-07,CUST_0450,Delivered,2023-04-10,South
ORD_00363,2023-03-07,CUST_0141,Shipped,,East
ORD_00364,2023-04-09,CUST_0491,Delivered,2023-04-13,South
ORD_00365,2023-07-30,CUST_0312,Delivered,2023-08-01,North
ORD_00366,2023-06-30,CUST_0371,Delivered,2023-07-07,East
ORD_00367,2023-06-18,CUST_0496,Delivered,2023-06-23,West
ORD_00368,2023-06-22,CUST_0107,Delivered,2023-06-27,South
ORD_00369,2023-03-22,CUST_0299,Delivered,2023-03-26,South
ORD_00370,2023-05-14,CUST_0207,Cancelled,,North
ORD_00371,2023-06-25,CUST_0335,Delivered,2023-07-01,North
ORD_00372,2023-03-29,CUST_0011,Shipped,,North
ORD_00373,2023-03-19,CUST_0171,Delivered,2023-03-24,West
ORD_00374,2023-03-27,CUST_0220,Shipped,,West
ORD_00375,2023-07-24,CUST_0097,Shipped,,South
ORD_00376,2023-04-18,CUST_0199,Cancelled,,West
ORD_00377,2023-04-06,CUST_0403,Delivered,2023-04-11,East
ORD_00378,2023-05-18,CUST_0116,Delivered,2023-05-21,North
ORD_00379,2023-06-29,CUST_0349,Cancelled,,East
ORD_00380,2023-05-22,CUST_0407,Shipped,,South
ORD_00381,2023-03-25,CUST_0315,Delivered,2023-03-27,North
ORD_00382,2023-07-01,CUST_0301,Delivered,2023-07-08,South
ORD_00383,2023-07-30,CUST_0201,Delivered,2023-08-06,East
ORD_00384,2023-06-16,CUST_0209,Delivered,2023-06-21,West
ORD_00385,2023-07-31,CUST_0432,Delivered,2023-08-02,East
ORD_00386,2023-04-05,CUST_0477,Delivered,2023-04-10,South
ORD_00387,2023-06-29,CUST_0231,Delivered,2023-07-02,West
ORD_00388,2023-04-13,CUST_0099,Delivered,2023-04-15,North
ORD_00389,2023-02-02,CUST_0049,Delivered,2023-02-04,North
ORD_00390,2023-07-05,CUST_0041,Delivered,2023-07-08,South
ORD_00391,2023-04-09,CUST_0273,Delivered,2023-04-13,West
ORD_00392,2023-07-01,CUST_0011,Delivered,2023-07-04,North
ORD_00393,2023-05-19,CUST_0472,Shipped,,West
ORD_00394,2023-02-01,CUST_0457,Delivered,2023-02-07,South
ORD_00395,2023-03-28,CUST_0203,Delivered,2023-04-03,South
ORD_00396,2023-02-16,CUST_0291,Delivered,2023-02-23,South
ORD_00397,2023-03-19,CUST_0060,Shipped,,North
ORD_00398,2023-04-10,CUST_0194,Cancelled,,East
ORD_00399,2023-03-26,CUST_0341,Delivered,2023-03-28,South
ORD_00400,2023-02-12,CUST_0033,Delivered,2023-02-18,North
ORD_00401,2023-06-03,CUST_0255,Delivered,2023-06-09,West
ORD_00402,2023-06-09,CUST_0489,Delivered,2023-06-12,South
ORD_00403,2023-05-01,CUST_0194,Delivered,2023-05-06,East
ORD_00404,2023-06-04,CUST_0084,Delivered,2023-06-11,North
ORD_00405,2023-06-20,CUST_0044,Delivered,2023-06-24,East
ORD_00406,2023-05-10,CUST_0452,Delivered,2023-05-17,South
ORD_00407,2023-04-21,CUST_0367,Cancelled,,East
ORD_00408,2023-06-12,CUST_0472,Delivered,2023-06-17,West
ORD_00409,2023-02-04,CUST_0119,Cancelled,,East
ORD_00410,2023-06-19,CUST_0213,Delivered,2023-06-22,East
ORD_00411,2023-05-21,CUST_0008,Delivered,2023-05-25,North
ORD_00412,2023-07-18,CUST_0049,Delivered,2023-07-25,North
ORD_00413,2023-07-23,CUST_0440,Shipped,,West
ORD_00414,2023-07-02,CUST_0190,Delivered,2023-07-06,West
ORD_00415,2023-02-09,CUST_0437,Delivered,2023-02-14,East
ORD_00416,2023-06-12,CUST_0331,Delivered,2023-06-14,South
ORD_00417,2023-03-02,CUST_0089,Delivered,2023-03-07,North
ORD_00418,2023-04-21,CUST_0375,Shipped,,South
ORD_00419,2023-02-10,CUST_0315,Delivered,2023-02-13,North
ORD_00420,2023-02-17,CUST_0497,Delivered,2023-02-19,North
ORD_00421,2023-02-15,CUST_0289,Delivered,2023-02-21,South
ORD_00422,2023-02-08,CUST_0456,Shipped,,South
ORD_00423,2023-04-22,CUST_0252,Delivered,2023-04-29,South
ORD_00424,2023-02-20,CUST_0017,Shipped,,East
ORD_00425,2023-05-02,CUST_0354,Delivered,2023-05-08,East
ORD_00426,2023-02-10,CUST_0457,Delivered,2023-02-17,South
ORD_00427,2023-03-28,CUST_0366,Delivered,2023-04-04,East
ORD_00428,2023-04-19,CUST_0222,Delivered,2023-04-23,West
ORD_00429,2023-04-26,CUST_0329,Delivered,2023-05-03,South
ORD_00430,2023-07-11,CUST_0493,Shipped,,East
ORD_00431,2023-06-08,CUST_0155,Shipped,,East
ORD_00432,2023-03-15,CUST_0319,Shipped,,West
ORD_00433,2023-06-12,CUST_0072,Delivered,2023-06-16,South
ORD_00434,2023-05-17,CUST_0139,Cancelled,,West
ORD_00435,2023-07-26,CUST_0129,Cancelled,,East
ORD_00436,2023-03-08,CUST_0343,Delivered,2023-03-14,North
ORD_00437,2023-03-14,CUST_0308,Delivered,2023-03-17,South
ORD_00438,2023-05-07,CUST_0281,Cancelled,,West
ORD_00439,2023-05-12,CUST_0101,Cancelled,,North
ORD_00440,2023-03-27,CUST_0496,Shipped,,West
ORD_00441,2023-07-30,CUST_0401,Delivered,2023-08-02,North
ORD_00442,2023-02-16,CUST_0021,Delivered,2023-02-21,South
ORD_00443,2023-04-01,CUST_0149,Delivered,2023-04-06,West
ORD_00444,2023-02-26,CUST_0249,Cancelled,,West
ORD_00445,2023-06-16,CUST_0293,Delivered,2023-06-20,East
ORD_00446,2023-03-18,CUST_0055,Delivered,2023-03-23,West
ORD_00447,2023-06-18,CUST_0421,Delivered,2023-06-21,South
ORD_00448,2023-05-01,CUST_0347,Shipped,,South
ORD_00449,2023-03-01,CUST_0231,Delivered,2023-03-03,West
ORD_00450,2023-07-26,CUST_0455,Delivered,2023-07-30,South
ORD_00451,2023-03-10,CUST_0367,Delivered,2023-03-12,East
ORD_00452,2023-07-17,CUST_0477,Delivered,2023-07-19,South
ORD_00453,2023-07-27,CUST_0430,Delivered,2023-08-01,East
ORD_00454,2023-03-07,CUST_0200,Delivered,2023-03-13,West
ORD_00455,2023-04-05,CUST_0056,Shipped,,East
ORD_00456,2023-06-11,CUST_0400,Delivered,2023-06-16,North
ORD_00457,2023-03-28,CUST_0066,Delivered,2023-03-31,West
ORD_00458,2023-05-15,CUST_0130,Delivered,2023-05-21,North
ORD_00459,2023-04-02,CUST_0436,Delivered,2023-04-06,West
ORD_00460,2023-04-30,CUST_0105,Delivered,2023-05-06,South
ORD_00461,2023-03-25,CUST_0044,Delivered,2023-03-30,East
ORD_00462,2023-06-07,CUST_0296,Delivered,2023-06-12,South
ORD_00463,2023-03-01,CUST_0407,Delivered,2023-03-05,South
ORD_00464,2023-04-12,CUST_0385,Delivered,2023-04-19,North
ORD_00465,2023-07-08,CUST_0284,Delivered,2023-07-13,North
ORD_00466,2023-05-03,CUST_0347,Cancelled,,South
ORD_00467,2023-04-07,CUST_0023,Shipped,,East
ORD_00468,2023-07-16,CUST_0137,Delivered,2023-07-23,West
ORD_00469,2023-04-04,CUST_0181,Shipped,,South
ORD_00470,2023-03-08,CUST_0296,Delivered,2023-03-15,South
ORD_00471,2023-02-16,CUST_0242,Shipped,,East
ORD_00472,2023-06-08,CUST_0433,Shipped,,West
ORD_00473,2023-03-14,CUST_0443,Cancelled,,East
ORD_00474,2023-05-11,CUST_0100,Delivered,2023-05-17,West
ORD_00475,2023-03-03,CUST_0151,Delivered,2023-03-07,North
ORD_00476,2023-02-14,CUST_0306,Delivered,2023-02-18,North
ORD_00477,2023-02-04,CUST_0358,Delivered,2023-02-09,South
ORD_00478,2023-04-03,CUST_0001,Delivered,2023-04-08,East
ORD_00479,2023-05-12,CUST_0472,Delivered,2023-05-16,West
ORD_00480,2023-07-07,CUST_0288,Delivered,2023-07-14,South
ORD_00481,2023-07-28,CUST_0435,Delivered,2023-07-30,East
ORD_00482,2023-07-20,CUST_0318,Shipped,,East
ORD_00483,2023-02-27,CUST_0176,Delivered,2023-03-03,East
ORD_00484,2023-02-19,CUST_0126,Delivered,2023-02-22,North
ORD_00485,2023-07-15,CUST_0196,Shipped,,West
ORD_00486,2023-04-18,CUST_0226,Delivered,2023-04-23,East
ORD_00487,2023-07-07,CUST_0083,Delivered,2023-07-10,East
ORD_00488,2023-03-17,CUST_0398,Delivered,2023-03-23,North
ORD_00489,2023-05-24,CUST_0337,Shipped,,East
ORD_00490,2023-03-17,CUST_0110,Delivered,2023-03-20,South
ORD_00491,2023-07-02,CUST_0096,Delivered,2023-07-09,East
ORD_00492,2023-04-11,CUST_0313,Cancelled,,South
ORD_00493,2023-05-01,CUST_0054,Shipped,,East
ORD_00494,2023-04-29,CUST_0066,Cancelled,,West
ORD_00495,2023-03-04,CUST_0141,Delivered,2023-03-11,East
ORD_00496,2023-04-17,CUST_0144,Shipped,,North
ORD_00497,2023-05-19,CUST_0276,Delivered,2023-05-24,West
ORD_00498,2023-06-21,CUST_0448,Delivered,2023-06-28,South
ORD_00499,2023-03-21,CUST_0154,Delivered,2023-03-27,West
ORD_00500,2023-06-15,CUST_0014,Delivered,2023-06-20,North
ORD_00501,2023-04-15,CUST_0115,Delivered,2023-04-20,East
ORD_00502,2023-07-23,CUST_0322,Shipped,,South
ORD_00503,2023-03-02,CUST_0120,Shipped,,East
ORD_00504,2023-07-29,CUST_0378,Delivered,2023-08-05,South
ORD_00505,2023-07-06,CUST_0372,Delivered,2023-07-09,West
ORD_00506,2023-07-20,CUST_0062,Delivered,2023-07-23,West
ORD_00507,2023-07-25,CUST_0118,Delivered,2023-07-28,South
ORD_00508,2023-03-10,CUST_0350,Delivered,2023-03-15,East
ORD_00509,2023-02-06,CUST_0097,Delivered,2023-02-13,South
ORD_00510,2023-07-31,CUST_0219,Shipped,,West
ORD_00511,2023-05-24,CUST_0083,Shipped,,East
ORD_00512,2023-03-10,CUST_0269,Shipped,,East
ORD_00513,2023-04-28,CUST_0189,Cancelled,,East
ORD_00514,2023-03-17,CUST_0280,Cancelled,,North
ORD_00515,2023-05-21,CUST_0215,Shipped,,West
ORD_00516,2023-04-06,CUST_0221,Delivered,2023-04-08,South
ORD_00517,2023-02-06,CUST_0237,Delivered,2023-02-13,East
ORD_00518,2023-05-29,CUST_0458,Delivered,2023-06-02,East
ORD_00519,2023-06-12,CUST_0172,Delivered,2023-06-18,West
ORD_00520,2023-05-13,CUST_0299,Delivered,2023-05-17,South
ORD_00521,2023-06-06,CUST_0442,Shipped,,North
ORD_00522,2023-07-08,CUST_0212,Delivered,2023-07-10,North
ORD_00523,2023-04-04,CUST_0456,Delivered,2023-04-11,South
ORD_00524,2023-05-19,CUST_0116,Delivered,2023-05-25,North
ORD_00525,2023-04-26,CUST_0316,Delivered,2023-05-03,North
ORD_00526,2023-02-11,CUST_0358,Cancelled,,South
ORD_00527,2023-04-30,CUST_0437,Delivered,2023-05-07,East
ORD_00528,2023-07-04,CUST_0361,Shipped,,North
ORD_00529,2023-05-28,CUST_0293,Delivered,2023-05-31,East
ORD_00530,2023-07-17,CUST_0324,Delivered,2023-07-19,South
ORD_00531,2023-07-10,CUST_0046,Cancelled,,West
ORD_00532,2023-03-05,CUST_0145,Delivered,2023-03-08,South
ORD_00533,2023-02-19,CUST_0484,Delivered,2023-02-22,North
ORD_00534,2023-03-28,CUST_0456,Delivered,2023-04-02,South
ORD_00535,2023-03-15,CUST_0108,Shipped,,East
ORD_00536,2023-03-13,CUST_0403,Delivered,2023-03-19,East
ORD_00537,2023-04-20,CUST_0029,Delivered,2023-04-24,North
ORD_00538,2023-06-13,CUST_0342,Delivered,2023-06-17,North
ORD_00539,2023-02-22,CUST_0088,Cancelled,,South
ORD_00540,2023-05-30,CUST_0055,Delivered,2023-06-03,West
ORD_00541,2023-02-20,CUST_0499,Delivered,2023-02-23,South
ORD_00542,2023-05-14,CUST_0237,Shipped,,East
ORD_00543,2023-02-23,CUST_0493,Delivered,2023-03-02,East
ORD_00544,2023-06-26,CUST_0405,Delivered,2023-07-03,West
ORD_00545,2023-03-20,CUST_0140,Shipped,,East
ORD_00546,2023-07-02,CUST_0268,Delivered,2023-07-06,East
ORD_00547,2023-04-17,CUST_0064,Delivered,2023-04-21,West
ORD_00548,2023-04-26,CUST_0102,Delivered,2023-05-02,East
ORD_00549,2023-05-29,CUST_0389,Delivered,2023-06-02,East
ORD_00550,2023-07-05,CUST_0217,Delivered,2023-07-07,East
ORD_00551,2023-02-08,CUST_0026,Delivered,2023-02-10,East
ORD_00552,2023-05-11,CUST_0182,Delivered,2023-05-17,North
ORD_00553,2023-04-04,CUST_0298,Delivered,2023-04-08,North
ORD_00554,2023-04-17,CUST_0029,Delivered,2023-04-19,North
ORD_00555,2023-03-19,CUST_0176,Delivered,2023-03-25,East
ORD_00556,2023-04-30,CUST_0351,Shipped,,South
ORD_00557,2023-03-12,CUST_0321,Shipped,,West
ORD_00558,2023-03-05,CUST_0078,Delivered,2023-03-10,North
ORD_00559,2023-05-26,CUST_0349,Shipped,,East
ORD_00560,2023-03-30,CUST_0406,Delivered,2023-04-01,North
ORD_00561,2023-07-27,CUST_0315,Delivered,2023-08-03,North
ORD_00562,2023-03-15,CUST_0087,Delivered,2023-03-21,West
ORD_00563,2023-02-26,CUST_0478,Delivered,2023-02-28,East
ORD_00564,2023-04-20,CUST_0427,Delivered,2023-04-23,West
ORD_00565,2023-02-07,CUST_0229,Delivered,2023-02-12,West
ORD_00566,2023-04-26,CUST_0196,Delivered,2023-05-02,West
ORD_00567,2023-02-26,CUST_0221,Delivered,2023-03-05,South
ORD_00568,2023-05-26,CUST_0334,Delivered,2023-06-02,East
ORD_00569,2023-04-03,CUST_0400,Delivered,2023-04-05,North
ORD_00570,2023-02-25,CUST_0056,Delivered,2023-03-02,East
ORD_00571,2023-07-07,CUST_0268,Delivered,2023-07-14,East
ORD_00572,2023-02-19,CUST_0367,Delivered,2023-02-21,East
ORD_00573,2023-04-30,CUST_0299,Delivered,2023-05-02,South
ORD_00574,2023-05-30,CUST_0117,Shipped,,South
ORD_00575,2023-06-17,CUST_0374,Delivered,2023-06-21,North
ORD_00576,2023-04-08,CUST_0483,Shipped,,West
ORD_00577,2023-05-10,CUST_0362,Delivered,2023-05-13,South
ORD_00578,2023-04-05,CUST_0340,Delivered,2023-04-12,West
ORD_00579,2023-05-09,CUST_0448,Delivered,2023-05-14,South
ORD_00580,2023-05-10,CUST_0464,Delivered,2023-05-16,North
ORD_00581,2023-03-11,CUST_0058,Delivered,2023-03-18,South
ORD_00582,2023-04-10,CUST_0066,Shipped,,West
ORD_00583,2023-07-22,CUST_0277,Delivered,2023-07-29,South
ORD_00584,2023-07-28,CUST_0255,Delivered,2023-07-30,West
ORD_00585,2023-05-15,CUST_0441,Delivered,2023-05-17,East
ORD_00586,2023-02-15,CUST_0425,Shipped,,East
ORD_00587,2023-03-13,CUST_0347,Delivered,2023-03-15,South
ORD_00588,2023-03-19,CUST_0346,Delivered,2023-03-24,North
ORD_00589,2023-03-25,CUST_0339,Delivered,2023-03-31,West
ORD_00590,2023-03-27,CUST_0471,Delivered,2023-04-03,East
ORD_00591,2023-03-18,CUST_0260,Delivered,2023-03-22,West
ORD_00592,2023-07-12,CUST_0043,Shipped,,South
ORD_00593,2023-05-12,CUST_0032,Cancelled,,North
ORD_00594,2023-07-18,CUST_0475,Delivered,2023-07-22,North
ORD_00595,2023-07-30,CUST_0259,Delivered,2023-08-03,South
ORD_00596,2023-05-27,CUST_0410,Shipped,,West
ORD_00597,2023-03-23,CUST_0108,Cancelled,,East
ORD_00598,2023-05-24,CUST_0374,Delivered,2023-05-27,North
ORD_00599,2023-06-24,CUST_0154,Delivered,2023-06-27,West
ORD_00600,2023-05-14,CUST_0323,Delivered,2023-05-16,North
ORD_00601,2023-06-28,CUST_0316,Cancelled,,North
ORD_00602,2023-06-16,CUST_0414,Delivered,2023-06-23,North
ORD_00603,2023-03-01,CUST_0062,Cancelled,,West
ORD_00604,2023-02-09,CUST_0157,Shipped,,North
ORD_00605,2023-04-26,CUST_0358,Cancelled,,South
ORD_00606,2023-06-09,CUST_0214,Delivered,2023-06-12,South
ORD_00607,2023-07-08,CUST_0099,Delivered,2023-07-10,North
ORD_00608,2023-02-26,CUST_0180,Delivered,2023-03-01,North
ORD_00609,2023-07-28,CUST_0019,Delivered,2023-07-31,South
ORD_00610,2023-04-26,CUST_0235,Cancelled,,South
ORD_00611,2023-07-21,CUST_0238,Shipped,,North
ORD_00612,2023-06-22,CUST_0221,Shipped,,South
ORD_00613,2023-02-16,CUST_0321,Delivered,2023-02-18,West
ORD_00614,2023-07-26,CUST_0463,Delivered,2023-08-01,West
ORD_00615,2023-04-05,CUST_0205,Delivered,2023-04-10,West
ORD_00616,2023-06-03,CUST_0263,Delivered,2023-06-09,North
ORD_00617,2023-07-22,CUST_0053,Delivered,2023-07-26,East
ORD_00618,2023-06-04,CUST_0275,Delivered,2023-06-10,South
ORD_00619,2023-07-20,CUST_0101,Delivered,2023-07-22,North
ORD_00620,2023-07-05,CUST_0174,Delivered,2023-07-07,South
ORD_00621,2023-07-26,CUST_0359,Shipped,,West
ORD_00622,2023-07-14,CUST_0062,Cancelled,,West
ORD_00623,2023-07-31,CUST_0432,Delivered,2023-08-03,East
ORD_00624,2023-07-02,CUST_0298,Delivered,2023-07-04,North
ORD_00625,2023-07-21,CUST_0116,Delivered,2023-07-26,North
ORD_00626,2023-05-05,CUST_0453,Shipped,,West
ORD_00627,2023-02-01,CUST_0371,Delivered,2023-02-06,East
ORD_00628,2023-06-15,CUST_0003,Delivered,2023-06-17,West
ORD_00629,2023-04-09,CUST_0069,Delivered,2023-04-15,South
ORD_00630,2023-05-09,CUST_0165,Shipped,,West
ORD_00631,2023-07-13,CUST_0424,Delivered,2023-07-15,West
ORD_00632,2023-07-11,CUST_0114,Delivered,2023-07-16,North
ORD_00633,2023-06-20,CUST_0359,Delivered,2023-06-26,West
ORD_00634,2023-06-03,CUST_0418,Delivered,2023-06-07,South
ORD_00635,2023-04-28,CUST_0135,Shipped,,East
ORD_00636,2023-03-02,CUST_0307,Delivered,2023-03-07,South
ORD_00637,2023-04-10,CUST_0369,Cancelled,,West
ORD_00638,2023-03-06,CUST_0269,Delivered,2023-03-13,East
ORD_00639,2023-06-20,CUST_0475,Delivered,2023-06-22,North
ORD_00640,2023-04-03,CUST_0046,Shipped,,West
ORD_00641,2023-02-20,CUST_0459,Delivered,2023-02-27,North
ORD_00642,2023-07-19,CUST_0037,Shipped,,South
ORD_00643,2023-06-17,CUST_0284,Delivered,2023-06-24,North
ORD_00644,2023-07-15,CUST_0019,Shipped,,South
ORD_00645,2023-03-16,CUST_0329,Shipped,,South
ORD_00646,2023-02-12,CUST_0200,Delivered,2023-02-18,West
ORD_00647,2023-06-07,CUST_0076,Delivered,2023-06-12,South
ORD_00648,2023-02-12,CUST_0455,Delivered,2023-02-15,South
ORD_00649,2023-06-20,CUST_0141,Delivered,2023-06-25,East
ORD_00650,2023-03-17,CUST_0122,Cancelled,,North
ORD_00651,2023-03-13,CUST_0164,Delivered,2023-03-15,West
ORD_00652,2023-06-23,CUST_0420,Delivered,2023-06-28,South
ORD_00653,2023-05-03,CUST_0203,Delivered,2023-05-09,South
ORD_00654,2023-04-28,CUST_0343,Shipped,,North
ORD_00655,2023-03-26,CUST_0377,Cancelled,,South
ORD_00656,2023-04-17,CUST_0152,Shipped,,South
ORD_00657,2023-03-09,CUST_0063,Delivered,2023-03-16,West
ORD_00658,2023-03-21,CUST_0410,Delivered,2023-03-27,West
ORD_00659,2023-06-28,CUST_0241,Delivered,2023-07-01,South
ORD_00660,2023-05-13,CUST_0188,Delivered,2023-05-16,East
ORD_00661,2023-05-29,CUST_0304,Delivered,2023-06-05,West
ORD_00662,2023-05-17,CUST_0063,Delivered,2023-05-24,West
ORD_00663,2023-06-12,CUST_0429,Shipped,,North
ORD_00664,2023-07-05,CUST_0055,Shipped,,West
ORD_00665,2023-02-18,CUST_0307,Delivered,2023-02-22,South
ORD_00666,2023-06-23,CUST_0414,Delivered,2023-06-30,North
ORD_00667,2023-06-28,CUST_0119,Delivered,2023-07-04,East
ORD_00668,2023-07-30,CUST_0156,Delivered,2023-08-02,East
ORD_00669,2023-05-26,CUST_0484,Delivered,2023-05-31,North
ORD_00670,2023-06-23,CUST_0388,Delivered,2023-06-30,East
ORD_00671,2023-03-26,CUST_0272,Shipped,,North
ORD_00672,2023-02-14,CUST_0434,Delivered,2023-02-17,South
ORD_00673,2023-06-08,CUST_0195,Delivered,2023-06-13,West
ORD_00674,2023-05-27,CUST_0343,Cancelled,,North
ORD_00675,2023-05-28,CUST_0208,Shipped,,North
ORD_00676,2023-03-16,CUST_0493,Delivered,2023-03-22,East
ORD_00677,2023-05-27,CUST_0351,Delivered,2023-06-03,South
ORD_00678,2023-06-20,CUST_0229,Delivered,2023-06-27,West
ORD_00679,2023-07-16,CUST_0397,Delivered,2023-07-18,East
ORD_00680,2023-03-09,CUST_0131,Delivered,2023-03-15,South
ORD_00681,2023-04-12,CUST_0347,Shipped,,South
ORD_00682,2023-06-03,CUST_0119,Delivered,2023-06-06,East
ORD_00683,2023-03-22,CUST_0410,Shipped,,West
ORD_00684,2023-04-25,CUST_0086,Delivered,2023-04-29,East
ORD_00685,2023-04-17,CUST_0393,Delivered,2023-04-23,North
ORD_00686,2023-07-06,CUST_0121,Delivered,2023-07-09,North
ORD_00687,2023-06-23,CUST_0011,Delivered,2023-06-29,North
ORD_00688,2023-06-23,CUST_0191,Delivered,2023-06-25,South
ORD_00689,2023-07-19,CUST_0185,Cancelled,,West
ORD_00690,2023-03-10,CUST_0488,Shipped,,South
ORD_00691,2023-07-03,CUST_0038,Delivered,2023-07-05,East
ORD_00692,2023-06-18,CUST_0049,Delivered,2023-06-25,North
ORD_00693,2023-03-05,CUST_0455,Delivered,2023-03-10,South
ORD_00694,2023-07-06,CUST_0376,Shipped,,West
ORD_00695,2023-02-09,CUST_0492,Delivered,2023-02-14,East
ORD_00696,2023-05-08,CUST_0177,Delivered,2023-05-12,North
ORD_00697,2023-07-18,CUST_0296,Shipped,,South
ORD_00698,2023-07-04,CUST_0446,Delivered,2023-07-07,West
ORD_00699,2023-02-12,CUST_0392,Delivered,2023-02-18,West
ORD_00700,2023-04-28,CUST_0120,Shipped,,East
ORD_00701,2023-04-05,CUST_0322,Delivered,2023-04-12,South
ORD_00702,2023-06-22,CUST_0393,Cancelled,,North
ORD_00703,2023-06-08,CUST_0061,Shipped,,South
ORD_00704,2023-07-25,CUST_0018,Delivered,2023-07-29,East
ORD_00705,2023-04-06,CUST_0117,Delivered,2023-04-13,South
ORD_00706,2023-05-18,CUST_0490,Shipped,,West
ORD_00707,2023-04-23,CUST_0214,Shipped,,South
ORD_00708,2023-03-30,CUST_0015,Delivered,2023-04-05,East
ORD_00709,2023-07-28,CUST_0363,Delivered,2023-08-01,East
ORD_00710,2023-07-23,CUST_0436,Delivered,2023-07-27,West
ORD_00711,2023-03-10,CUST_0158,Delivered,2023-03-15,South
ORD_00712,2023-06-18,CUST_0315,Delivered,2023-06-21,North
ORD_00713,2023-06-30,CUST_0118,Delivered,2023-07-07,South
ORD_00714,2023-04-10,CUST_0483,Delivered,2023-04-13,West
ORD_00715,2023-02-16,CUST_0458,Shipped,,East
ORD_00716,2023-06-19,CUST_0157,Delivered,2023-06-22,North
ORD_00717,2023-07-20,CUST_0368,Cancelled,,East
ORD_00718,2023-03-03,CUST_0121,Delivered,2023-03-05,North
ORD_00719,2023-06-25,CUST_0073,Shipped,,West
ORD_00720,2023-03-29,CUST_0374,Delivered,2023-04-03,North
ORD_00721,2023-03-29,CUST_0283,Shipped,,West
ORD_00722,2023-07-17,CUST_0365,Delivered,2023-07-20,North
ORD_00723,2023-06-07,CUST_0126,Delivered,2023-06-12,North
ORD_00724,2023-04-12,CUST_0239,Delivered,2023-04-18,North
ORD_00725,2023-02-27,CUST_0314,Delivered,2023-03-03,West
ORD_00726,2023-05-15,CUST_0459,Delivered,2023-05-21,North
ORD_00727,2023-06-14,CUST_0430,Shipped,,East
ORD_00728,2023-06-07,CUST_0086,Delivered,2023-06-09,East
ORD_00729,2023-02-05,CUST_0373,Delivered,2023-02-07,East
ORD_00730,2023-03-12,CUST_0146,Delivered,2023-03-15,East
ORD_00731,2023-06-21,CUST_0360,Delivered,2023-06-27,East
ORD_00732,2023-04-25,CUST_0007,Delivered,2023-05-01,West
ORD_00733,2023-07-21,CUST_0291,Delivered,2023-07-26,South
ORD_00734,2023-04-01,CUST_0127,Delivered,2023-04-08,West
ORD_00735,2023-06-02,CUST_0411,Delivered,2023-06-04,West
ORD_00736,2023-04-02,CUST_0490,Shipped,,West
ORD_00737,2023-04-18,CUST_0077,Shipped,,West
ORD_00738,2023-07-17,CUST_0032,Cancelled,,North
ORD_00739,2023-06-24,CUST_0309,Delivered,2023-06-26,East
ORD_00740,2023-03-23,CUST_0083,Delivered,2023-03-28,East
ORD_00741,2023-04-02,CUST_0232,Delivered,2023-04-04,South
ORD_00742,2023-07-06,CUST_0402,Delivered,2023-07-10,West
ORD_00743,2023-05-09,CUST_0040,Shipped,,West
ORD_00744,2023-05-18,CUST_0188,Cancelled,,East
ORD_00745,2023-04-26,CUST_0417,Cancelled,,West
ORD_00746,2023-06-01,CUST_0374,Delivered,2023-06-05,North
ORD_00747,2023-07-29,CUST_0195,Delivered,2023-08-01,West
ORD_00748,2023-04-05,CUST_0030,Delivered,2023-04-08,East
ORD_00749,2023-02-22,CUST_0108,Delivered,2023-03-01,East
ORD_00750,2023-06-24,CUST_0334,Shipped,,East
ORD_00751,2023-04-20,CUST_0441,Delivered,2023-04-26,East
ORD_00752,2023-02-23,CUST_0334,Delivered,2023-02-26,East
ORD_00753,2023-07-08,CUST_0470,Cancelled,,North
ORD_00754,2023-07-11,CUST_0322,Cancelled,,South
ORD_00755,2023-03-07,CUST_0031,Shipped,,South
ORD_00756,2023-04-09,CUST_0464,Delivered,2023-04-11,North
ORD_00757,2023-04-27,CUST_0405,Delivered,2023-05-04,West
ORD_00758,2023-06-10,CUST_0098,Delivered,2023-06-17,North
ORD_00759,2023-05-09,CUST_0120,Shipped,,East
ORD_00760,2023-07-02,CUST_0030,Cancelled,,East
ORD_00761,2023-04-30,CUST_0361,Delivered,2023-05-04,North
ORD_00762,2023-05-07,CUST_0124,Delivered,2023-05-13,East
ORD_00763,2023-02-05,CUST_0178,Delivered,2023-02-12,East
ORD_00764,2023-02-09,CUST_0477,Delivered,2023-02-15,South
ORD_00765,2023-06-07,CUST_0488,Delivered,2023-06-10,South
ORD_00766,2023-02-23,CUST_0024,Delivered,2023-02-26,East
ORD_00767,2023-02-04,CUST_0104,Delivered,2023-02-11,North
ORD_00768,2023-03-20,CUST_0372,Shipped,,West
ORD_00769,2023-02-05,CUST_0015,Shipped,,East
ORD_00770,2023-04-06,CUST_0201,Shipped,,East
ORD_00771,2023-06-14,CUST_0211,Delivered,2023-06-20,North
ORD_00772,2023-07-14,CUST_0062,Delivered,2023-07-19,West
ORD_00773,2023-05-23,CUST_0298,Delivered,2023-05-25,North
ORD_00774,2023-06-28,CUST_0289,Shipped,,South
ORD_00775,2023-03-05,CUST_0441,Delivered,2023-03-10,East
ORD_00776,2023-05-05,CUST_0005,Delivered,2023-05-12,West
ORD_00777,2023-05-03,CUST_0418,Shipped,,South
ORD_00778,2023-05-04,CUST_0053,Shipped,,East
ORD_00779,2023-05-20,CUST_0071,Shipped,,West
ORD_00780,2023-02-13,CUST_0151,Shipped,,North
ORD_00781,2023-03-05,CUST_0248,Cancelled,,West
ORD_00782,2023-07-02,CUST_0466,Shipped,,South
ORD_00783,2023-05-27,CUST_0337,Delivered,2023-05-31,East
ORD_00784,2023-02-25,CUST_0032,Delivered,2023-03-03,North
ORD_00785,2023-02-04,CUST_0461,Delivered,2023-02-08,North
ORD_00786,2023-07-07,CUST_0086,Cancelled,,East
ORD_00787,2023-07-09,CUST_0237,Delivered,2023-07-14,East
ORD_00788,2023-02-01,CUST_0055,Cancelled,,West
ORD_00789,2023-02-26,CUST_0470,Delivered,2023-02-28,North
ORD_00790,2023-03-27,CUST_0223,Delivered,2023-03-30,South
ORD_00791,2023-02-04,CUST_0291,Delivered,2023-02-08,South
ORD_00792,2023-07-11,CUST_0091,Shipped,,North
ORD_00793,2023-07-20,CUST_0056,Delivered,2023-07-25,East
ORD_00794,2023-07-08,CUST_0370,Delivered,2023-07-13,West
ORD_00795,2023-07-29,CUST_0033,Delivered,2023-08-01,North
ORD_00796,2023-07-30,CUST_0408,Delivered,2023-08-05,West
ORD_00797,2023-04-24,CUST_0013,Delivered,2023-04-27,East
ORD_00798,2023-03-14,CUST_0206,Delivered,2023-03-16,East
ORD_00799,2023-04-21,CUST_0003,Delivered,2023-04-28,West
ORD_00800,2023-06-02,CUST_0477,Delivered,2023-06-07,South
ORD_00801,2023-03-07,CUST_0243,Delivered,2023-03-14,East
ORD_00802,2023-05-25,CUST_0438,Shipped,,West
ORD_00803,2023-04-15,CUST_0207,Delivered,2023-04-21,North
ORD_00804,2023-07-05,CUST_0420,Delivered,2023-07-12,South
ORD_00805,2023-07-29,CUST_0121,Delivered,2023-08-03,North
ORD_00806,2023-05-03,CUST_0410,Delivered,2023-05-07,West
ORD_00807,2023-05-29,CUST_0019,Delivered,2023-05-31,South
ORD_00808,2023-07-16,CUST_0410,Delivered,2023-07-20,West
ORD_00809,2023-02-04,CUST_0037,Delivered,2023-02-08,South
ORD_00810,2023-07-09,CUST_0359,Delivered,2023-07-16,West
ORD_00811,2023-04-24,CUST_0354,Delivered,2023-04-27,East
ORD_00812,2023-05-10,CUST_0024,Shipped,,East
ORD_00813,2023-02-09,CUST_0036,Shipped,,West
ORD_00814,2023-05-26,CUST_0232,Cancelled,,South
ORD_00815,2023-04-21,CUST_0030,Shipped,,East
ORD_00816,2023-07-24,CUST_0009,Delivered,2023-07-27,East
ORD_00817,2023-06-13,CUST_0006,Delivered,2023-06-19,West
ORD_00818,2023-07-31,CUST_0439,Delivered,2023-08-04,South
ORD_00819,2023-04-15,CUST_0500,Delivered,2023-04-18,South
ORD_00820,2023-02-05,CUST_0150,Delivered,2023-02-11,East
ORD_00821,2023-05-20,CUST_0422,Delivered,2023-05-22,North
ORD_00822,2023-02-02,CUST_0314,Delivered,2023-02-07,West
ORD_00823,2023-02-23,CUST_0417,Delivered,2023-02-27,West
ORD_00824,2023-04-09,CUST_0033,Shipped,,North
ORD_00825,2023-04-07,CUST_0470,Delivered,2023-04-10,North
ORD_00826,2023-05-04,CUST_0392,Delivered,2023-05-11,West
ORD_00827,2023-07-31,CUST_0268,Shipped,,East
ORD_00828,2023-04-24,CUST_0134,Shipped,,East
ORD_00829,2023-04-18,CUST_0341,Delivered,2023-04-22,South
ORD_00830,2023-04-22,CUST_0154,Delivered,2023-04-26,West
ORD_00831,2023-07-23,CUST_0364,Cancelled,,South
ORD_00832,2023-03-17,CUST_0036,Delivered,2023-03-23,West
ORD_00833,2023-03-07,CUST_0241,Delivered,2023-03-13,South
ORD_00834,2023-05-28,CUST_0474,Shipped,,North
ORD_00835,2023-05-04,CUST_0201,Delivered,2023-05-07,East
ORD_00836,2023-06-30,CUST_0068,Shipped,,East
ORD_00837,2023-03-30,CUST_0025,Delivered,2023-04-05,East
ORD_00838,2023-04-10,CUST_0313,Delivered,2023-04-15,South
ORD_00839,2023-06-30,CUST_0045,Shipped,,South
ORD_00840,2023-03-09,CUST_0419,Delivered,2023-03-13,North
ORD_00841,2023-06-03,CUST_0196,Delivered,2023-06-05,West
ORD_00842,2023-05-26,CUST_0316,Delivered,2023-05-29,North
ORD_00843,2023-04-16,CUST_0206,Delivered,2023-04-18,East
ORD_00844,2023-04-25,CUST_0302,Delivered,2023-05-02,East
ORD_00845,2023-03-01,CUST_0002,Delivered,2023-03-07,East
ORD_00846,2023-04-23,CUST_0266,Cancelled,,East
ORD_00847,2023-05-29,CUST_0356,Delivered,2023-06-04,East
ORD_00848,2023-05-09,CUST_0132,Delivered,2023-05-14,East
ORD_00849,2023-04-06,CUST_0068,Shipped,,East
ORD_00850,2023-04-28,CUST_0358,Shipped,,South
ORD_00851,2023-05-21,CUST_0254,Shipped,,East
ORD_00852,2023-06-25,CUST_0376,Delivered,2023-06-29,West
ORD_00853,2023-04-01,CUST_0451,Delivered,2023-04-06,East
ORD_00854,2023-03-06,CUST_0283,Cancelled,,West
ORD_00855,2023-07-17,CUST_0392,Shipped,,West
ORD_00856,2023-04-06,CUST_0213,Delivered,2023-04-10,East
ORD_00857,2023-03-13,CUST_0198,Delivered,2023-03-18,East
ORD_00858,2023-07-04,CUST_0107,Delivered,2023-07-08,South
ORD_00859,2023-06-07,CUST_0426,Delivered,2023-06-14,South
ORD_00860,2023-07-16,CUST_0011,Delivered,2023-07-23,North
ORD_00861,2023-07-28,CUST_0125,Shipped,,North
ORD_00862,2023-04-22,CUST_0437,Delivered,2023-04-29,East
ORD_00863,2023-05-14,CUST_0023,Cancelled,,East
ORD_00864,2023-07-22,CUST_0246,Delivered,2023-07-27,East
ORD_00865,2023-02-12,CUST_0369,Cancelled,,West
ORD_00866,2023-03-10,CUST_0405,Shipped,,West
ORD_00867,2023-02-21,CUST_0153,Shipped,,West
ORD_00868,2023-07-14,CUST_0235,Delivered,2023-07-20,South
ORD_00869,2023-05-15,CUST_0048,Delivered,2023-05-22,East
ORD_00870,2023-03-29,CUST_0022,Delivered,2023-04-04,West
ORD_00871,2023-03-04,CUST_0228,Cancelled,,North
ORD_00872,2023-03-08,CUST_0098,Delivered,2023-03-12,North
ORD_00873,2023-04-05,CUST_0431,Cancelled,,North
ORD_00874,2023-04-13,CUST_0254,Delivered,2023-04-20,East
ORD_00875,2023-05-13,CUST_0269,Cancelled,,East
ORD_00876,2023-04-10,CUST_0081,Shipped,,East
ORD_00877,2023-03-30,CUST_0059,Delivered,2023-04-02,North
ORD_00878,2023-06-26,CUST_0025,Delivered,2023-07-02,East
ORD_00879,2023-05-18,CUST_0437,Delivered,2023-05-25,East
ORD_00880,2023-04-16,CUST_0421,Delivered,2023-04-23,South
ORD_00881,2023-05-29,CUST_0097,Delivered,2023-06-02,South
ORD_00882,2023-02-03,CUST_0027,Delivered,2023-02-07,East
ORD_00883,2023-05-13,CUST_0442,Cancelled,,North
ORD_00884,2023-07-01,CUST_0231,Cancelled,,West
ORD_00885,2023-02-04,CUST_0149,Delivered,2023-02-10,West
ORD_00886,2023-07-22,CUST_0225,Delivered,2023-07-27,East
ORD_00887,2023-02-03,CUST_0145,Delivered,2023-02-10,South
ORD_00888,2023-03-10,CUST_0053,Shipped,,East
ORD_00889,2023-05-13,CUST_0337,Shipped,,East
ORD_00890,2023-04-06,CUST_0205,Delivered,2023-04-09,West
ORD_00891,2023-04-21,CUST_0102,Delivered,2023-04-28,East
ORD_00892,2023-07-15,CUST_0445,Shipped,,West
ORD_00893,2023-06-28,CUST_0104,Shipped,,North
ORD_00894,2023-05-07,CUST_0339,Delivered,2023-05-11,West
ORD_00895,2023-05-12,CUST_0361,Delivered,2023-05-15,North
ORD_00896,2023-03-02,CUST_0338,Cancelled,,South
ORD_00897,2023-05-13,CUST_0121,Shipped,,North
ORD_00898,2023-02-02,CUST_0184,Delivered,2023-02-05,South
ORD_00899,2023-03-04,CUST_0451,Cancelled,,East
ORD_00900,2023-02-26,CUST_0286,Shipped,,North
ORD_00901,2023-04-10,CUST_0402,Delivered,2023-04-15,West
ORD_00902,2023-05-19,CUST_0282,Delivered,2023-05-22,South
ORD_00903,2023-03-16,CUST_0005,Shipped,,West
ORD_00904,2023-05-07,CUST_0122,Delivered,2023-05-13,North
ORD_00905,2023-05-18,CUST_0206,Delivered,2023-05-23,East
ORD_00906,2023-03-18,CUST_0171,Delivered,2023-03-22,West
ORD_00907,2023-07-25,CUST_0294,Delivered,2023-07-28,North
ORD_00908,2023-05-04,CUST_0041,Shipped,,South
ORD_00909,2023-07-30,CUST_0403,Delivered,2023-08-04,East
ORD_00910,2023-05-22,CUST_0265,Shipped,,South
ORD_00911,2023-06-29,CUST_0426,Shipped,,South
ORD_00912,2023-05-20,CUST_0164,Cancelled,,West
ORD_00913,2023-04-10,CUST_0190,Delivered,2023-04-15,West
ORD_00914,2023-05-15,CUST_0061,Delivered,2023-05-22,South
ORD_00915,2023-02-01,CUST_0262,Delivered,2023-02-04,South
ORD_00916,2023-03-01,CUST_0152,Cancelled,,South
ORD_00917,2023-02-27,CUST_0384,Delivered,2023-03-02,South
ORD_00918,2023-02-05,CUST_0103,Delivered,2023-02-07,North
ORD_00919,2023-06-21,CUST_0032,Delivered,2023-06-25,North
ORD_00920,2023-03-14,CUST_0456,Delivered,2023-03-18,South
ORD_00921,2023-02-16,CUST_0323,Delivered,2023-02-19,North
ORD_00922,2023-03-10,CUST_0191,Shipped,,South
ORD_00923,2023-06-21,CUST_0167,Delivered,2023-06-26,South
ORD_00924,2023-02-04,CUST_0117,Delivered,2023-02-08,South
ORD_00925,2023-02-10,CUST_0210,Delivered,2023-02-13,South
ORD_00926,2023-07-19,CUST_0121,Cancelled,,North
ORD_00927,2023-02-23,CUST_0485,Delivered,2023-02-28,North
ORD_00928,2023-06-03,CUST_0286,Cancelled,,North
ORD_00929,2023-06-27,CUST_0186,Delivered,2023-06-30,North
ORD_00930,2023-05-19,CUST_0144,Shipped,,North
ORD_00931,2023-06-15,CUST_0384,Delivered,2023-06-18,South
ORD_00932,2023-04-23,CUST_0187,Shipped,,West
ORD_00933,2023-06-25,CUST_0385,Delivered,2023-06-30,North
ORD_00934,2023-03-21,CUST_0121,Delivered,2023-03-27,North
ORD_00935,2023-03-05,CUST_0040,Shipped,,West
ORD_00936,2023-02-15,CUST_0206,Shipped,,East
ORD_00937,2023-06-28,CUST_0188,Cancelled,,East
ORD_00938,2023-03-15,CUST_0251,Delivered,2023-03-21,South
ORD_00939,2023-06-30,CUST_0118,Shipped,,South
ORD_00940,2023-02-28,CUST_0362,Delivered,2023-03-04,South
ORD_00941,2023-04-24,CUST_0303,Delivered,2023-04-30,North
ORD_00942,2023-07-13,CUST_0247,Delivered,2023-07-15,South
ORD_00943,2023-05-05,CUST_0385,Delivered,2023-05-12,North
ORD_00944,2023-06-08,CUST_0171,Delivered,2023-06-14,West
ORD_00945,2023-07-20,CUST_0347,Cancelled,,South
ORD_00946,2023-04-06,CUST_0397,Delivered,2023-04-08,East
ORD_00947,2023-03-19,CUST_0262,Delivered,2023-03-25,South
ORD_00948,2023-06-24,CUST_0038,Delivered,2023-06-26,East
ORD_00949,2023-04-02,CUST_0356,Shipped,,East
ORD_00950,2023-04-06,CUST_0319,Delivered,2023-04-11,West
ORD_00951,2023-06-15,CUST_0046,Delivered,2023-06-19,West
ORD_00952,2023-03-13,CUST_0169,Delivered,2023-03-16,West
ORD_00953,2023-04-10,CUST_0340,Shipped,,West
ORD_00954,2023-02-03,CUST_0380,Delivered,2023-02-08,South
ORD_00955,2023-03-07,CUST_0397,Delivered,2023-03-13,East
ORD_00956,2023-06-09,CUST_0475,Delivered,2023-06-14,North
ORD_00957,2023-07-19,CUST_0283,Cancelled,,West
ORD_00958,2023-04-30,CUST_0249,Delivered,2023-05-04,West
ORD_00959,2023-02-27,CUST_0421,Delivered,2023-03-01,South
ORD_00960,2023-03-07,CUST_0339,Delivered,2023-03-10,West
ORD_00961,2023-06-26,CUST_0087,Shipped,,West
ORD_00962,2023-07-03,CUST_0247,Delivered,2023-07-05,South
ORD_00963,2023-07-10,CUST_0142,Delivered,2023-07-17,South
ORD_00964,2023-05-26,CUST_0153,Delivered,2023-05-28,West
ORD_00965,2023-07-27,CUST_0357,Delivered,2023-07-31,East
ORD_00966,2023-04-30,CUST_0152,Delivered,2023-05-03,South
ORD_00967,2023-05-12,CUST_0247,Delivered,2023-05-17,South
ORD_00968,2023-06-18,CUST_0352,Delivered,2023-06-20,North
ORD_00969,2023-05-16,CUST_0312,Delivered,2023-05-18,North
ORD_00970,2023-07-09,CUST_0467,Delivered,2023-07-16,North
ORD_00971,2023-04-25,CUST_0363,Shipped,,East
ORD_00972,2023-03-05,CUST_0264,Delivered,2023-03-09,West
ORD_00973,2023-02-01,CUST_0183,Delivered,2023-02-05,South
ORD_00974,2023-07-21,CUST_0209,Delivered,2023-07-27,West
ORD_00975,2023-04-23,CUST_0160,Cancelled,,North
ORD_00976,2023-04-03,CUST_0299,Delivered,2023-04-05,South
ORD_00977,2023-05-17,CUST_0212,Delivered,2023-05-23,North
ORD_00978,2023-03-09,CUST_0137,Delivered,2023-03-11,West
ORD_00979,2023-07-07,CUST_0131,Delivered,2023-07-12,South
ORD_00980,2023-02-15,CUST_0486,Delivered,2023-02-19,North
ORD_00981,2023-04-08,CUST_0398,Delivered,2023-04-12,North
ORD_00982,2023-03-17,CUST_0241,Delivered,2023-03-20,South
ORD_00983,2023-03-07,CUST_0156,Delivered,2023-03-14,East
ORD_00984,2023-03-10,CUST_0482,Delivered,2023-03-17,North
ORD_00985,2023-07-27,CUST_0287,Delivered,2023-08-01,North
ORD_00986,2023-05-27,CUST_0355,Delivered,2023-06-01,South
ORD_00987,2023-07-14,CUST_0338,Delivered,2023-07-19,South
ORD_00988,2023-05-09,CUST_0391,Delivered,2023-05-13,West
ORD_00989,2023-02-02,CUST_0216,Delivered,2023-02-04,South
ORD_00990,2023-03-14,CUST_0072,Delivered,2023-03-21,South
ORD_00991,2023-05-29,CUST_0300,Delivered,2023-06-02,West
ORD_00992,2023-07-14,CUST_0213,Delivered,2023-07-17,East
ORD_00993,2023-04-07,CUST_0252,Delivered,2023-04-14,South
ORD_00994,2023-04-03,CUST_0013,Delivered,2023-04-05,East
ORD_00995,2023-03-09,CUST_0059,Delivered,2023-03-15,North
ORD_00996,2023-04-12,CUST_0300,Delivered,2023-04-19,West
ORD_00997,2023-03-23,CUST_0136,Delivered,2023-03-26,West
ORD_00998,2023-04-12,CUST_0285,Delivered,2023-04-17,East
ORD_00999,2023-06-27,CUST_0161,Delivered,2023-06-30,West
ORD_01000,2023-05-30,CUST_0029,Delivered,2023-06-06,North
